Codo_Izq_mean,Codo_Izq_var,Codo_Izq_min,Codo_Izq_max,Codo_Der_mean,Codo_Der_var,Codo_Der_min,Codo_Der_max,Muñeca_Izq_mean,Muñeca_Izq_var,Muñeca_Izq_min,Muñeca_Izq_max,Muñeca_Der_mean,Muñeca_Der_var,Muñeca_Der_min,Muñeca_Der_max,Rodilla_Izq_mean,Rodilla_Izq_var,Rodilla_Izq_min,Rodilla_Izq_max,Rodilla_Der_mean,Rodilla_Der_var,Rodilla_Der_min,Rodilla_Der_max,Talon_Izq_mean,Talon_Izq_var,Talon_Izq_min,Talon_Izq_max,Talon_Der_mean,Talon_Der_var,Talon_Der_min,Talon_Der_max,Vel_Codo_Izq_mean,Vel_Codo_Izq_var,Vel_Codo_Izq_min,Vel_Codo_Izq_max,Vel_Codo_Der_mean,Vel_Codo_Der_var,Vel_Codo_Der_min,Vel_Codo_Der_max,Vel_Muñeca_Izq_mean,Vel_Muñeca_Izq_var,Vel_Muñeca_Izq_min,Vel_Muñeca_Izq_max,Vel_Muñeca_Der_mean,Vel_Muñeca_Der_var,Vel_Muñeca_Der_min,Vel_Muñeca_Der_max,Vel_Rodilla_Izq_mean,Vel_Rodilla_Izq_var,Vel_Rodilla_Izq_min,Vel_Rodilla_Izq_max,Vel_Rodilla_Der_mean,Vel_Rodilla_Der_var,Vel_Rodilla_Der_min,Vel_Rodilla_Der_max,Vel_Talon_Izq_mean,Vel_Talon_Izq_var,Vel_Talon_Izq_min,Vel_Talon_Izq_max,Vel_Talon_Der_mean,Vel_Talon_Der_var,Vel_Talon_Der_min,Vel_Talon_Der_max,persona,repeticion,actividad
0.7526672716515267,0.0001527078526863,0.7280318464996255,0.7764308947090967,0.5645482242264367,0.00025931479986,0.5391209406074018,0.6056783805939852,0.3465421484266052,0.0005108913362271,0.303817873776906,0.4026980678305452,0.2885673872124982,0.0007777595202638,0.2287345090907238,0.3441267474683269,0.3226487860908024,0.0011051501491249,0.2506539022781464,0.4009902750335752,0.6036001163657507,4.642930200317515e-05,0.5808500146978289,0.6174954295143446,0.4471972311654441,0.0007523863566342,0.3744688199356761,0.5234982715114331,0.3150388172580551,0.001344313594169,0.2611036501191378,0.427371076212047,-0.0001172518700978,6.116848503026027e-06,-0.008126375716277,0.0063612332686536,-0.0003093831655915,9.353214716954537e-06,-0.012087723840474,0.0054256277540956,-0.0002054860804047,3.4653938762612434e-05,-0.0168197030125665,0.0202875093855764,-9.96204698148142e-05,7.73559279761298e-05,-0.0273780576258469,0.0283909040923299,-0.0002233573976819,0.0001029301270913,-0.0293844767120666,0.0317352153574818,0.0001872707212303,2.3941576069049662e-06,-0.0051445230820852,0.0036597343524619,0.0003316980377612,7.846600692040165e-05,-0.0235380915720515,0.0213960991421561,-0.000209307320537,0.0001877563175797,-0.0404653165041058,0.0350846089657991,Mi,p1,atornillar
0.7500638430702473,4.034554156854925e-05,0.7384448105641865,0.7614043064912592,0.5606839095313877,9.357784520057887e-06,0.5501274585048265,0.5664567252609506,0.3526512627790897,0.0001804766158298,0.3304050104431832,0.3964816927281137,0.3044772957266857,0.0008991734859429,0.2458006103398572,0.4086380625519659,0.3745023360274384,0.0017801538558529,0.2832027637776642,0.4700830359897881,0.599067737102255,1.4589970820311288e-05,0.5897345793722841,0.605103071373889,0.4549634643211732,0.0001836944234111,0.4240489645103721,0.4840504037305868,0.2847698522515267,0.0001770408747312,0.252661403418084,0.3029529423864133,-0.0001202361976481,7.111641842794816e-06,-0.0113568894049358,0.0040899524359239,-9.069279033692608e-05,2.6431430232490472e-06,-0.0059799186272668,0.0065007105501537,0.000986219138581,2.196179214886794e-05,-0.005628776737411,0.0206625776804627,0.0016678729066754,0.0001518301014821,-0.0213908930630727,0.0565868827885148,0.0016710375891192,0.0003766870910728,-0.0406785416787259,0.0680002729391099,3.191572533234452e-05,2.0370566766731527e-06,-0.0036212479116244,0.0030046680644895,-0.0004117736736171,3.2262313906481616e-05,-0.0148915269267402,0.0272298730976617,-0.0001009360181266,4.064298121541621e-05,-0.0210055801981522,0.0165848843727651,Mi,p1,martillar
0.7895834758017681,0.0010592672156951,0.7556848006448174,0.8613920895084526,0.5974465237859775,0.0010337338634568,0.5648922063662613,0.6651594121200689,0.3905062090047677,0.0005714627786034,0.3550791896479462,0.456540896727112,0.3263367769275292,0.0059806619900676,0.1641472423953157,0.5254468117337718,0.350368185501819,0.0068426946151387,0.1744868470530325,0.4930035645531358,0.6045732109665688,0.0009791914158318,0.5753535093583673,0.6742761271121023,0.4685587401264728,0.0027772823046226,0.4218492331836613,0.6155848591173311,0.3987975909722476,0.0157563705612056,0.2719325369920624,0.676729608155294,-9.63153071897731e-05,4.533950489546761e-05,-0.0152800592936098,0.0200042179574709,3.055235037771577e-05,5.677621381858794e-05,-0.0205520507488103,0.0181326586518379,5.574681476178533e-05,5.239716159164756e-05,-0.023977310777374,0.0181589113181885,-0.0001097766821075,0.0006941446639397,-0.0826528169098128,0.0725403044966977,-7.835314025806638e-06,0.0005813688559224,-0.0950865484135421,0.0663407919057624,-4.502381357663051e-05,4.402440804662536e-05,-0.0170017930184747,0.0167211411781916,0.0003169207278848,0.000182979877054,-0.0285963727289506,0.0462151718301023,0.0005371218395916,0.0009184307451817,-0.0737021974505797,0.0864593135340463,Mi,p1,taladrar
0.7376672876177229,0.0002719414460862,0.7098277294810972,0.8017737739100633,0.5522506062850361,0.0001557398817991,0.5329421937771323,0.5791556977873967,0.3550351703604331,0.0004455222637619,0.3179995618411597,0.3930634168170546,0.3196631290556032,0.0016187300861408,0.2507111184894078,0.4026698837701951,0.3683877749905371,0.001477509872776,0.2779039948981357,0.4306468763444701,0.5917227351521026,3.8175777619790594e-05,0.5771918043345695,0.6012739087469072,0.4573204040841853,0.0011181313701386,0.4084867803385099,0.5609336216180831,0.3086176291786363,0.0019304042586536,0.239435633368744,0.4263264181219013,0.000269243570517,1.5255958859660697e-05,-0.0119098809834998,0.0123622199598543,-0.0002582146819625,8.893088701133006e-06,-0.0063149025148889,0.0085982570650333,-0.0003024189036553,2.355201936831394e-05,-0.011539530346368,0.0124791875574074,9.697225894202449e-05,9.307701339430608e-05,-0.0299596301063368,0.0301058070261985,0.0001778267878056,0.0001116708883544,-0.0314923969320072,0.0402712287084914,0.0001613308472063,2.3765915809892826e-06,-0.003808211519067,0.0032992051835335,-0.0001004862181043,0.0001674807052528,-0.0355367233936375,0.0426283858101728,0.0002956236888696,0.0004144471493252,-0.0499045930160074,0.051737588699571,Mi,p2,atornillar
0.742335774243355,5.144750159011239e-05,0.7315917765628382,0.7623533739278502,0.5396258082259723,3.3115825516858373e-05,0.5321354506408026,0.5576341303590107,0.3250953197295188,0.0001411661718926,0.2983498752245062,0.3508686470593375,0.2733344739212425,0.0002932088563154,0.2284583601723422,0.3022090397580726,0.3374247748434473,0.0010923423060023,0.2547438872579407,0.3854916073065951,0.5922546686297311,1.3099702615394508e-05,0.585959134065754,0.6040006215039199,0.4603935825111609,0.0001640194093502,0.4029557786916142,0.4751163729639119,0.2877842917700809,0.0001927051800694,0.2611047172065763,0.3176193152604682,-4.420860908941064e-05,5.064201136142921e-06,-0.0064951443064027,0.0047449604871915,9.359459143367952e-05,3.0548297961513174e-06,-0.0029272103964459,0.0058957242481073,9.513125642257592e-05,2.5910390202670743e-05,-0.0106036714305878,0.0183601270031399,0.0006468352318145,7.81231428806832e-05,-0.0164115181100946,0.0263426979352501,0.0003280440282264,0.0002449884723469,-0.0380069189387016,0.0394210250952825,0.0001872135601936,1.3564947606609458e-06,-0.0043139768307791,0.0039096303577282,0.0002760224714701,4.915503427888661e-05,-0.0159492975910864,0.0281473668765734,-0.0005073266718231,4.820094077357624e-05,-0.0220739907073619,0.0218155695528758,Mi,p2,martillar
0.7716325058293572,0.000417486013059,0.7423135610153675,0.8303711777170787,0.5730241171420746,0.0005957456545049,0.5491742660867602,0.6594916524794836,0.35629531257031,0.0007770217604157,0.272569257054937,0.4199726391335607,0.3321134022768189,0.0022720061566936,0.194984439115558,0.4669517029320927,0.3614895404001582,0.0031828492029118,0.1730211325772357,0.4570710865508889,0.5928101193647837,0.0002236039715483,0.5806119678353949,0.6509269798497428,0.4738568501780618,0.0016493781896767,0.4224687310404412,0.6074529579501371,0.3875593620279609,0.0112509395832457,0.2870895328281154,0.6670550405735595,2.014026659822501e-05,1.998960869092164e-05,-0.0137048459731828,0.0140344174192462,-3.328682300600968e-05,3.0863427872485746e-05,-0.0184666534521886,0.016915345553962,-2.0572657158731155e-05,5.424878795332169e-05,-0.03354722576644,0.0235495972085552,-6.378222154963696e-05,0.0002271614939152,-0.0853896515049968,0.0437390758741112,1.6511111609308318e-05,0.0002379539877279,-0.0693944954506679,0.0534958273101636,2.88835028833839e-05,1.2472290398149262e-05,-0.0115796148142477,0.0107788961363599,-5.137458378306701e-05,0.0001406226432075,-0.0335748325478183,0.0404386951782104,3.9654473933202894e-05,0.0005434509686921,-0.0636276225710729,0.0810239828955052,Mi,p2,taladrar
0.7670623568744084,6.225439606107747e-05,0.7449017832754715,0.7847861278201994,0.57753430338318,7.387000147508226e-05,0.564397055672095,0.5991828198546271,0.3722302082475986,9.071912730524704e-05,0.3524249190448763,0.3974415713005996,0.2953276025692822,0.0006023872650949,0.2329926101092692,0.3428266932907555,0.322613271594407,0.0017868352850417,0.2370302922695904,0.3907888282061069,0.6220691907775532,4.449471812119305e-05,0.6097566666794607,0.6384264670941205,0.4839300784019059,0.0005066654111346,0.4481404057327329,0.5431550568083827,0.3526517267700748,0.0021524733086155,0.2870286040729315,0.4890081079839659,0.0003060746739265,3.618904959931122e-06,-0.0039886003555302,0.0053944697186011,-0.0001548818061442,6.618124834651282e-06,-0.0076259803651221,0.0048144889294647,-8.828180639201683e-05,2.125824413818265e-05,-0.0158407979782344,0.0129695416809972,-0.0001373119228398,6.756350373458256e-05,-0.0258835840420047,0.026631314914895,-0.0003826767077365,0.0001476728918844,-0.038989024697782,0.0415641092986207,0.0001482325903583,2.698672032221082e-06,-0.0038069794957221,0.0049358718835195,-0.0001641533382917,7.885425811364305e-05,-0.0258155048808592,0.0308044866092617,0.0002758436832246,0.0003316293160562,-0.0512767696364129,0.0522367179324619,Mi,p3,atornillar
0.7635692627783089,2.391600054330109e-05,0.7540489701478866,0.7799125856242963,0.5687197569551182,1.3791897284907046e-05,0.560752951258203,0.5778546467784793,0.3813730885763028,0.0007510606066686,0.3422832399784988,0.4464499837152459,0.2984213312952459,0.0015555864906658,0.2105035106979294,0.4365591890746386,0.338326397371103,0.0024733321374923,0.1999950116440009,0.486183460020921,0.617308778633367,2.833398992581816e-05,0.5991533536300852,0.6259477528850492,0.4850093756381261,0.0003713861289664,0.4159096391470593,0.5111821954927237,0.3235420767949422,0.0002388309479925,0.2778181568946852,0.3587643263897519,8.533853840990406e-05,3.163417261837678e-06,-0.0093569794520118,0.0028945797121261,0.000123747592974,1.9977635119952345e-06,-0.0049722878531497,0.0031047183703906,0.0010178883899384,8.317805212730668e-05,-0.0164771948150195,0.0226991601595323,0.0029560519502376,0.0002297850143615,-0.0207217337541124,0.0454719645104119,0.0037420210673571,0.0004559565276905,-0.0381883157969632,0.0587209224063609,0.0001781919608116,5.86723452594567e-06,-0.0090462260266925,0.0089190290353149,0.0003512414640047,6.124026698411799e-05,-0.0172821476266041,0.03400073620501,0.0007418176553527,5.089389307809938e-05,-0.0085645341763336,0.0249220780917643,Mi,p3,martillar
0.785495556740351,0.0001252142356602,0.7702222496049081,0.8217952050344914,0.5959206475782937,0.0003529180082745,0.5800941752876043,0.6638116844226308,0.3943593349871168,0.0002666146115185,0.3741951967445593,0.451563987945802,0.3311419712330051,0.0010355350895854,0.2250050860342564,0.3621113047053952,0.3604523177429318,0.0019211947904853,0.2298885697708965,0.402880356715819,0.6039482519310236,5.029528155680132e-05,0.5895625747490417,0.6271725020051543,0.4830787187670581,0.0009355211766292,0.4403120619645972,0.5545631886030105,0.4116684173427988,0.0079335866229064,0.3053713500203929,0.5736378681778147,-0.000223043731436,2.282982865300036e-05,-0.0151651608892768,0.0130185793505651,-0.0005664665760526,3.829100093160394e-05,-0.0206658068919485,0.0164789214270095,-0.00054410380773,4.5532382069691325e-05,-0.0207104441186848,0.0170978182672111,0.0007365933823676,7.183959903395866e-05,-0.0166766617592478,0.0282131622486993,0.0014177630956811,8.801036575980121e-05,-0.0215075082124534,0.0337765093054382,-0.0001972246699936,1.0876709516391829e-05,-0.0106393463042989,0.0102905575221314,-0.0012801173869545,0.0001415761460735,-0.0260997840292812,0.0299141383064571,-0.002962616843871,0.000583137633216,-0.0582940311197776,0.0751413957330774,Mi,p3,taladrar
0.6739175185260652,0.0002373172999899,0.616832025651085,0.7056052964132933,0.5014373333980767,0.0003690333387901,0.4114762502582403,0.5320506072499757,0.3062212650722414,0.0004920359979166,0.2425565886393305,0.3907522672655862,0.2681441836899738,0.0050284035961377,0.1437627000582905,0.4811654008239787,0.2825746837107243,0.0065203476410048,0.1505499908729324,0.5366439985441902,0.4687845477311513,0.0001858379523214,0.4328158986458481,0.5027126228303613,0.3834554799180757,0.0006980303295867,0.3152628903394662,0.4513226737266474,0.2933524864065927,0.0009570030816963,0.2136503072373368,0.379394480001916,-2.0056049754939588e-05,4.240780740418713e-05,-0.0268954412126808,0.0304654148053105,-0.0001000706085222,6.037636461014276e-05,-0.0362515971736668,0.0430598037452653,-0.0002845084484316,0.0001323157161936,-0.0647683184066123,0.0718106950887043,-7.757069799807685e-05,0.0004387459435945,-0.0874206043374093,0.0962867496296052,-0.0001382155080125,0.0005627261187054,-0.1053098429871548,0.1010412733544454,-4.6021257131474165e-05,2.02587575657602e-05,-0.0241318531166181,0.0219702244690331,4.578484503861956e-05,8.355098643281015e-05,-0.0296403280722082,0.0220283069844347,9.748778733171475e-05,0.0002266806391643,-0.0502992855734424,0.0418658662697384,Su,p1,atornillar
0.6868246948999573,4.5073442791161634e-05,0.6724840375239993,0.7023133218411147,0.5074866451002333,5.400829566835338e-05,0.4937691882460164,0.5262667488186958,0.3080012526465669,0.0004093743396767,0.2829876452046915,0.3648005985192618,0.2498565069252011,0.0011204456032358,0.1866676850642735,0.3084791953542954,0.2716831713431155,0.0015804386493552,0.189344255569627,0.3479248747400401,0.4742159829526906,0.0001195634206313,0.4405530451864326,0.4925830662697896,0.3754768938459156,0.0011449820224151,0.2797467924784499,0.4108773540128081,0.27387268675514,0.0004968594798404,0.190709864299201,0.3001378600991057,8.10667059856909e-05,7.213180033423535e-06,-0.0078060247278666,0.0100263924835802,-0.0001004532913825,9.456807572472631e-06,-0.0088450100294199,0.0049446669186204,-0.0007131869937869,6.315182934545484e-05,-0.0349288545252279,0.0128261756047118,6.62207891042205e-05,0.0002145096244099,-0.0409962437883723,0.029237309510143,0.0002343315846772,0.0003826057441158,-0.0493209036731484,0.0445282617141155,3.070087567569561e-05,1.340908752323272e-05,-0.0091634737300682,0.0132834155202329,-5.083276014165811e-05,9.8587789280464e-05,-0.0282660318034032,0.0394921102219795,-0.0003376190248271,4.731136210453154e-05,-0.0190792700967547,0.0254177849505296,Su,p1,martillar
0.7056395916153246,0.0002145241602783,0.6694579271923983,0.7324987182697045,0.4784198759362351,0.0001558912014606,0.4513828068276815,0.5086210848200098,0.3719517784229025,0.0044992443314264,0.268422790592606,0.4948921836031286,0.3141542531829429,0.0119669364956114,0.1264118585288775,0.5704202882942373,0.3227250098434598,0.0222402730365938,0.0947934904377657,0.6246362114427687,0.5255796499054237,0.0006252269379388,0.4641971399471913,0.565422122784296,0.4032277447891925,0.0027057623353073,0.296112951629532,0.4932302459917304,0.4417438304259175,0.0115170532495687,0.2892522401414466,0.6159062867452231,-6.922642235809051e-05,1.1360831929250462e-05,-0.0085143611481817,0.0117188659875179,7.160938174210585e-05,1.429948264729774e-05,-0.0085587574953812,0.0094511089511282,-0.0003413097641089,0.0003349966240812,-0.0388680493259537,0.0526893542400082,-0.0005415654304693,0.0004244505266574,-0.0519572355608766,0.0754393595855362,-0.0007701317519257,0.0006349934058509,-0.0582547761903312,0.0992906544733239,0.000526975606443,6.339142328301228e-05,-0.020326807952835,0.0158156247430831,0.0002040920096845,0.0001695484436054,-0.0326191964719465,0.0326397754302781,0.0001791942973873,0.0006474997528405,-0.0578049897058396,0.0588103681825784,Su,p1,taladrar
0.6571792759446913,0.0006151200767783,0.544126452102385,0.7242656343523457,0.4842019285249511,0.0012316324640662,0.4316926607387787,0.5784883693148724,0.2751255178072106,0.000672591111466,0.2303934675364395,0.4008807642314563,0.2607622941748984,0.0018539877859292,0.1124287235524127,0.3319256751776985,0.266193666813904,0.0019659674044365,0.0724379922724345,0.3779756010770996,0.459890947088391,0.0003958219655143,0.4236015395221906,0.5419791139347876,0.3666521799136868,0.0010987671559296,0.2423404365808738,0.4484818951952983,0.2572963709089552,0.0020386612688579,0.0771899813629022,0.3732579056162535,-0.0001447999061498,5.6720929127937e-05,-0.0365094310720859,0.0474508444369817,-0.0005141397111343,1.859531106236803e-05,-0.0166931425659284,0.0226142209324506,-0.000297917655393,5.178596193655857e-05,-0.0283014725052014,0.0333738725381721,-0.0001395732703115,0.0002305889173535,-0.0825792098438024,0.0643085741820314,-0.0002621935422148,0.0003885012174979,-0.1026593093259148,0.0825835769109866,6.693978831643772e-06,2.560994274152668e-05,-0.0313467703021057,0.0238309108544312,0.0002508569273477,0.0001102639161032,-0.037504590080641,0.0586318544679348,-0.0003732450543103,0.0003129077714651,-0.0698198233705039,0.0957517934253459,Su,p2,atornillar
0.6695138128870137,4.148645178764335e-05,0.6548251412707441,0.6831468754345948,0.5156261413598997,0.0009321412313656,0.4738120865871549,0.5633086741276291,0.2649589927822132,0.0005094466000451,0.2202518564958725,0.2943387666453259,0.2278632172110195,0.001586764506368,0.1550354791954011,0.3153191250096072,0.2511500747946613,0.002181177497901,0.1724729639186693,0.3486520618849595,0.458192344369051,4.72940042621996e-05,0.4393856100194275,0.4704242579805025,0.3645618100176644,0.0008745008487641,0.2776290381228307,0.3960372146153385,0.2776999748156709,0.0003746599778395,0.2229644303584191,0.308021577122967,-0.00016186369291,8.657597659841427e-06,-0.0070454566730915,0.0053849613116013,0.0004809856246538,4.187538708597176e-05,-0.0165887718009204,0.0204101063341678,-3.699942548480895e-05,4.6570244161119535e-05,-0.0153917400186137,0.0168773115950228,-0.0013675593660009,0.0002667326460334,-0.0379607871622345,0.0324502270002351,-0.0019001873106262,0.000346408690834,-0.0472673320931357,0.0390066654631624,-0.0001903984955511,8.306065228235124e-06,-0.0094608058057619,0.0049304906227169,-0.0001616554332407,0.0001043078723813,-0.0330181956071725,0.0263787773744615,-0.0008964237135719,5.758109436138597e-05,-0.0238540004748889,0.0203687987575272,Su,p2,martillar
0.6989347996832375,0.0001367744127888,0.6724224628127635,0.7234237002603661,0.507499134368716,0.0001886026132905,0.480335500977763,0.540323115992657,0.354489899068008,0.0013662207114504,0.2880813215627837,0.4635738946747041,0.3050542912216651,0.0087893827812253,0.1152599304252783,0.5546263503821994,0.3016721550372593,0.0149202291983524,0.1123058732361313,0.6070897313585581,0.478458003081013,0.0005034647606667,0.441164484966063,0.5501435478899571,0.3795547411024827,0.0029076349913117,0.3173486351291754,0.5057709269180283,0.4412059624711502,0.0134707692182444,0.3010335764804984,0.6552003765615535,0.0001840657358836,2.1436461908954485e-05,-0.01154485575508,0.011071755415016,0.0002578793134858,2.055056642601288e-05,-0.0105785779099123,0.0110497302726024,4.864274478681019e-05,0.000120941218355,-0.0299166582309807,0.0408942165221974,-0.0019199128291814,0.00064191342962,-0.0602174411888054,0.0827672035909678,-0.0021764029744047,0.0010737002083248,-0.0751610458043216,0.1024614276055027,0.0001875000981835,7.517736011459532e-05,-0.020052094878767,0.0237297274716239,1.6643757482659327e-05,0.0002691555471058,-0.0385643331051451,0.0397560209425747,0.0003596267122215,0.0008454649091462,-0.065858000156157,0.0670261126554478,Su,p2,taladrar
0.671912461616862,0.000249115853376,0.6405496439812327,0.7093105598606061,0.4778405663003155,0.0004027988991857,0.4304136137384044,0.5218382681046844,0.3004119852917387,0.0016240392250571,0.2438295371869452,0.3995887087348271,0.2742095893488678,0.0020374238891746,0.1067311759859957,0.3515938242104062,0.2860727494519485,0.0030987345391111,0.0799095963535517,0.3992217210961065,0.4693505114654479,0.000203874130802,0.4451661726918556,0.5129410977307961,0.3846029050161232,0.0009961087758335,0.3251658284049133,0.4644397421994014,0.285138253943281,0.0013162273046325,0.2009185557284424,0.3952724481947185,8.190125212203919e-05,1.7872843283604622e-05,-0.0098197271741473,0.013869743655133,-0.0001312259128626,2.006978770915417e-05,-0.0142245224245328,0.0121825783488839,-0.0001792046342689,0.0001683522011215,-0.0426920812055016,0.0394357361727286,0.0003806981422443,0.0003135138066982,-0.0442748170063081,0.0782783037524993,0.0003322177602402,0.0003846651145424,-0.0757968016291441,0.0705715523382925,-9.027407089781636e-05,1.3678282894548395e-05,-0.0135421236949684,0.0146673594418493,-0.0004698151260366,0.000103869224971,-0.0307931226435725,0.0288647863929663,-0.0004874460865167,0.0002268232612474,-0.0457658598114853,0.0358212225909923,Su,p3,atornillar
0.6732118809297152,4.201951330284524e-05,0.6603274391770628,0.6900614568479098,0.4711116160156346,0.0004474408985947,0.442785717626554,0.5733135003884545,0.2552647524196462,0.0007492765945022,0.2245121007273943,0.356651311189389,0.2853443573075668,0.0021433248713423,0.1894662468791357,0.3643503189720643,0.334457117812762,0.0051759505031797,0.2066863743510548,0.4600540336062822,0.4588350458135021,3.358877887250049e-05,0.4477207456893396,0.4754191870418323,0.3532281560884929,0.000849060805259,0.2978329770038752,0.3901648723952232,0.292935101776935,0.0010519056829852,0.235670688542716,0.4217031037056263,-0.0001087900370914,8.903180195159301e-06,-0.011624051683943,0.0088937789226397,-0.001285805798421,5.321130565456572e-05,-0.0274696402733446,0.0084719657537838,-0.0005455690117582,0.0001062569462862,-0.0327620691615137,0.0275248657539529,0.0013251783750472,0.0002926537290591,-0.0487702759483954,0.0396747200709897,0.0029823188761663,0.0004462188022056,-0.0502678482025369,0.0473175980548504,-0.0001936844043964,9.285309253451078e-06,-0.0099164644648896,0.0104356396415269,-0.0002424062726342,0.0001194667385775,-0.036460229383521,0.0219346572619473,-6.525128611836228e-05,0.0001855354833748,-0.0526657851953839,0.0362757367268423,Su,p3,martillar
0.694271271509115,0.0005200378020362,0.6486081456224,0.7352164969832765,0.5065930025588982,0.0006704487243161,0.3995808271000499,0.5459298114605444,0.3520267772786584,0.0017380857832784,0.2802029241905808,0.4421845039726329,0.3088707497213521,0.006604367924948,0.144035791338249,0.4664923233902216,0.3121055825648703,0.0093314018021501,0.1141337654940625,0.4830934605982261,0.5306559061625399,0.0005279277802972,0.4517461697911115,0.5686370841831337,0.393107701278684,0.002111398004403,0.3231608690040927,0.495610657199838,0.4246280525895182,0.0130535936466501,0.2800137767235435,0.6394601556464387,-0.0001370758950383,3.947137480908659e-05,-0.0128798957877952,0.0149480498713815,0.0010070362431465,3.805873530218158e-05,-0.010113960380321,0.0220929892222594,-0.0001849800971151,0.0002648681791828,-0.0443155596879987,0.0406570647836379,-0.0023581307007513,0.0010782848642916,-0.0806646653574804,0.0957002846396771,-0.0029930393751889,0.0014991972830808,-0.0956856369095187,0.0965571752643563,0.0009337160758162,6.401256594483872e-05,-0.0226365446760878,0.0194776348107286,0.0003335366900711,0.0002780630935269,-0.0310807848390822,0.0395669863754635,-0.0004543078545368,0.0012540093105083,-0.0753754181370418,0.0847781832448051,Su,p3,taladrar
0.6792366990979329,9.275241210247e-05,0.6676026515869845,0.7181420483278187,0.4736738161295735,7.80499390707719e-05,0.4582516261084484,0.4968199448473288,0.3144468820191201,0.0005256033296321,0.258398543933379,0.3734442844578414,0.2797893725276985,0.0021324869048396,0.1184704628805274,0.3316259746849809,0.32029953624048,0.0044435547279192,0.0817594411407041,0.3902822701529062,0.4923363303340279,7.888804652441999e-05,0.4820129824145148,0.5240951845126902,0.3909636428678733,0.0006574364005909,0.3283328102421754,0.4695451345281867,0.2926795445927224,0.002262020462649,0.208701433751353,0.4250437672541501,5.198823610346506e-05,5.810975306593171e-06,-0.0129498904110781,0.0106215599009533,1.82012460822168e-05,1.0472137822989172e-05,-0.0139692983550424,0.009342335728064,0.0001308883711729,6.364714589790158e-05,-0.0248142601084834,0.0219561061621835,0.0005799954133936,0.0001316068383306,-0.0554060508589553,0.0331769819572781,0.0007096049049066,0.0002849063442315,-0.0747063826081619,0.055953188994989,3.971795585970103e-05,5.116000810277099e-06,-0.0130223480066173,0.010240262347698,6.787991595189492e-05,7.582272452261225e-05,-0.0319940909343874,0.0354797378193293,-0.0002958706373454,0.0002144104390114,-0.0567336867817385,0.0411944720377613,An,p1,atornillar
0.6793401990621795,2.552481557093667e-05,0.6699735985064563,0.6904425569094386,0.4700280228812362,4.674400279380693e-05,0.455405252565997,0.4841797961758309,0.2945303693250808,0.0005361010009331,0.2447410292209232,0.326357143926549,0.3037716860097811,0.0006707317897933,0.2299772118734211,0.3396650438524365,0.3593436122892237,0.0015226808899898,0.2537007646874614,0.4056899473185704,0.4855572981565453,8.878892107047697e-06,0.4805595874450576,0.4917108701082097,0.3654740126464781,0.0002230023396748,0.3439054953936532,0.4025940081476071,0.273500121764092,0.0002156369326282,0.2257752788509422,0.2971942619619357,0.0002571982617034,2.2596041125358885e-06,-0.0036566390073075,0.0031169489211816,0.000105656440483,8.685314188836666e-06,-0.0072075559702733,0.0071536253866352,-0.0003660649711754,9.276831506521798e-05,-0.0231311665930712,0.0280725032470363,-0.0006021183953741,0.0001276248032749,-0.0238454245792375,0.0252598585545791,-0.0014632435138872,0.000266712458867,-0.0362544572130786,0.0320475013570301,6.863473903984651e-05,8.994084141249735e-07,-0.0029360947911144,0.0022541255239434,-0.0008879306648183,3.2859180486574604e-05,-0.0109280401006292,0.0098099907768946,-0.0008512580871673,4.900689897440064e-05,-0.0255410161858034,0.0124327897967141,An,p1,martillar
0.7491769762494681,0.0002671897775065,0.7230743829441995,0.7862027485371643,0.5154964936819436,0.0001842366944448,0.4914419925417306,0.5385926150986091,0.3691652896616667,0.0017060554770049,0.2821678792360391,0.4617942980377843,0.3234901185600913,0.0123861418893033,0.1041919049710197,0.5579589162799702,0.3207792539695728,0.0164297737301822,0.0743261080490868,0.6177908329934646,0.5013647854801236,8.693401839436638e-05,0.4886796947710679,0.5285819363901533,0.4292098418586817,0.0072498008911854,0.3181021899592305,0.623628431227115,0.4756970659977306,0.0192775133536364,0.2873623064448787,0.7597979024227399,-3.231622078750972e-05,2.6966983953618757e-05,-0.0130906786187993,0.0126955122546148,-4.373336861600672e-05,1.2617029423310029e-05,-0.0098319145157956,0.0101382858759788,0.000198795194145,0.0001338321223605,-0.0380278066275242,0.0291354378022185,0.0009593614935454,0.0011177753297089,-0.0788317995584247,0.0956702041162189,0.0009355159040236,0.0016353659896383,-0.0949696532512907,0.1550812065473306,0.0001281327363744,1.1573286642436125e-05,-0.0092682881633688,0.0099218687415538,8.096181247064113e-05,0.000419185609328,-0.0543360818308075,0.0595692960296873,0.0003266775287153,0.0012745819752478,-0.1100434310410758,0.0893513335017599,An,p1,taladrar
0.6865573976721244,2.1129418510110963e-05,0.6762518213523538,0.7058364718409215,0.4944519530213833,3.171364366491657e-05,0.4873686495604693,0.5155180953107598,0.3219550331876774,0.0001636928948132,0.2808390504268492,0.3515199499750919,0.2877126432916611,0.00088256885437,0.2250920326521789,0.3596855606435221,0.3382708391861939,0.0016967495787718,0.2313706481957995,0.4099031978372044,0.5143378187157953,6.197942479734233e-06,0.5082625369603095,0.5195740254301174,0.42220849005591,0.0004288094385365,0.3653153511859869,0.4967105133011944,0.3195794745079664,0.0022905676159719,0.2426681112312441,0.4740854832429092,0.0001782712441955,1.4853683829537812e-06,-0.0030105735967028,0.0044815432739577,0.0001014676561488,3.4505152772307518e-06,-0.0073435829280222,0.0059031595030251,-0.000121014393499,2.225303121182899e-05,-0.0178664485110612,0.0196382283444108,-0.0004517202177617,5.1157629715618624e-05,-0.0307289569108938,0.0264414361868268,-0.0006667529233302,0.00015446489275,-0.0445756106481932,0.0422504670394894,5.299618276425168e-05,1.01445921982602e-06,-0.0036716335996065,0.0041557167507064,-0.0002678398306068,8.014415951689799e-05,-0.0328805984946531,0.030094672424893,-6.362712514813656e-05,0.0002400187636714,-0.049231558322938,0.0485207630941211,An,p2,atornillar
0.7009824183147356,2.229133636537031e-05,0.6938221518885541,0.712183691544843,0.5001915904594841,3.40993849063426e-05,0.4866132315770863,0.5142602511237282,0.3064702275744591,0.0004185681437256,0.2563307606825025,0.3407199877600371,0.29596185156334,0.0011064007071076,0.1619034517689414,0.3398031879253069,0.3373926227847411,0.0021109913255921,0.1789800845792894,0.4084699131180274,0.5125790339912397,9.46486206422129e-06,0.5063608476219364,0.5179897936381006,0.3930468786076156,0.0004985339902183,0.341320642182951,0.4289864804287356,0.2914657165993401,0.0009326549105818,0.2113169232860928,0.3692243344139198,0.0002525796492135,2.01887390077591e-06,-0.0032605240582197,0.0054972857322637,4.483434016672418e-05,7.79567984939995e-06,-0.0107801046795305,0.0137885469156303,-0.0009717992298509,4.177382948434015e-05,-0.0141702479097785,0.0154461161474373,-0.0024006072049542,0.0002505451815106,-0.0592737387985082,0.0316319602606297,-0.0028198105310846,0.0003575573614929,-0.067626316780338,0.0277962782505111,1.262171614898406e-05,1.2570231435744323e-06,-0.0029203902999827,0.0039244639007443,-0.0010866332018141,6.967641854788723e-05,-0.0244639889623679,0.023904797881238,-0.0005866533810765,0.0001894596204107,-0.0303640753273174,0.0300710585447805,An,p2,martillar
0.8030978459670789,0.0001180090012413,0.7609203935185241,0.8198306905212027,0.50551175646009,0.0002877988200841,0.4565703432898269,0.5642205346948879,0.4230284447145842,0.0033945176241086,0.3151546762521219,0.5596223087819029,0.3474502866794829,0.0060673290880541,0.1808274702140506,0.536676138297261,0.3383267854456181,0.0105521425452625,0.1509328213869162,0.5542419852200755,0.549556952633019,5.546753634338149e-05,0.5300139012040807,0.5640836348882599,0.4523987651751849,0.0050558768024795,0.3564266935883257,0.6048404297258435,0.5019375400008055,0.0160189211060197,0.345132096084972,0.7335117860188588,0.000323946416422,1.5613533458666853e-05,-0.0053054844676804,0.0161909979077647,0.0006019642808024,3.567664999213231e-05,-0.01716859882252,0.0230998769037176,-0.0001704302358482,0.0002835224682793,-0.0418631588280744,0.0532280207014529,0.0009692651550008,0.0007280515025235,-0.072548650332525,0.1042649302387866,0.001218769342663,0.0009747221778003,-0.0595002517662362,0.1197854112562797,0.0001105282292542,8.067297377791099e-06,-0.0068080778835559,0.0063711460432378,-0.0001768774500028,0.0004181164594203,-0.0498556118897161,0.0577734678466255,-0.0001469385437658,0.001111553357728,-0.104023845337163,0.0781198854397337,An,p2,taladrar
0.6816255968723877,4.79532186157727e-05,0.6690809402584585,0.6976173154567369,0.4866217942936369,9.506962016351812e-05,0.4707532128226376,0.5200117843082573,0.314978509883498,0.0004624991784392,0.259172031742035,0.3779956316024237,0.2610371914969765,0.0041041835766417,0.1346945997182129,0.3341971558462388,0.2985975050332042,0.007146649125862,0.1309443729439474,0.4094908796231365,0.5043716026139423,2.357952936222417e-05,0.4991572423751753,0.5206382529584643,0.4252151623004125,0.0009167305598737,0.331425240884788,0.4977253552338296,0.3112039454542619,0.0025611126303269,0.2124436211096616,0.4552960425021353,0.0002301644340027,3.1630309946077004e-06,-0.0088427455222395,0.0073446405089029,0.0002167054538874,1.482947722231995e-05,-0.0168327325700005,0.0177390562122999,-0.000389160105401,6.995783364039027e-05,-0.0235228157898954,0.0238720510917907,-0.0011186888508539,0.000268414358885,-0.0441636983668906,0.0536036906253456,-0.0014999612059583,0.0007157115642312,-0.0865160695004625,0.1113555144313041,5.131310092234032e-05,3.0104561246971038e-06,-0.0102056198706997,0.006664103672452,-0.0007813091442373,9.6438337922772e-05,-0.0414000484366954,0.0247791982332576,-0.0004174789553478,0.0002493318364086,-0.054016892599383,0.0483245225594749,An,p3,atornillar
0.6820556120028488,0.0001834960902587,0.6630423539268809,0.7195316128193688,0.4756086200214033,0.0002328369723324,0.4362112519006634,0.5021560678399356,0.2765968257091304,0.0009309805543261,0.20807806589416,0.3201618252620659,0.2688028078122326,0.0027807845089564,0.1722270265737709,0.3411543121996085,0.3073036314665807,0.0058772206826472,0.1494575279980507,0.4081556371301506,0.5018182759860057,5.596133477908962e-05,0.4892985343310729,0.5218424507410058,0.3976274248855317,0.0004322997727703,0.3244841645433107,0.4286499362477031,0.2892472545844683,0.0003483667653199,0.2540496534516863,0.3233099166181946,0.0003775836068502,1.615500203329073e-05,-0.0117444795128586,0.0089498589799729,0.0003230791785743,5.035916752495049e-05,-0.0203201576315947,0.0144322924384176,-0.0003052868972892,0.0001415254044359,-0.0207524948131109,0.0258144839990264,-0.0028784867957673,0.0003722142175953,-0.0402667780569561,0.0365410060505533,-0.0047929328050946,0.0007282219076475,-0.0565850377973637,0.0440752825118604,0.0002281437486855,7.79875325261662e-06,-0.0081593052656903,0.0063939752841227,-0.001203350832925,5.6218990680584005e-05,-0.0253909431816144,0.0155963125437761,-0.0003120420864063,0.0001191402536913,-0.0196358560124546,0.0220915195200344,An,p3,martillar
0.7825825456218843,0.0003056744411373,0.732754065148902,0.8067844689552908,0.5154488837211424,0.0013270863042881,0.4405043791862687,0.5788120652173231,0.4011157707138494,0.0052390328082034,0.2834127213917572,0.578142255360609,0.4131865427331144,0.0224398503427394,0.0966566154324472,0.7392872012680455,0.4312055534352442,0.0279445177512686,0.0830275863411505,0.7787524388270639,0.5274049520837892,0.0001218841626681,0.5028333811345245,0.5695958893815005,0.446876127758747,0.0064516695900245,0.329846463477721,0.6075051469770274,0.5091053139061344,0.0184682055241239,0.2886865242443691,0.7327184755567253,0.0001634312957482,3.3193974780861686e-05,-0.0175432273996153,0.0162048035408337,0.0012246263062255,6.816058456153923e-05,-0.025280525793233,0.0222306802672593,0.0003642503753384,0.0004019107417361,-0.0505308123961391,0.060858619258749,-0.0006055142268832,0.0011199287694963,-0.0642037518148357,0.101540996274944,-0.0005951354481512,0.0014673532747652,-0.072091818139198,0.1173107569590865,0.0001366265102882,2.028066078920045e-05,-0.0135863588089405,0.0137623196199189,0.0001622205251515,0.0005467783015601,-0.0459520773064947,0.0635040308160126,0.000454325016102,0.0015988262922352,-0.1059436079351102,0.1001736792623771,An,p3,taladrar
0.769760504149214,0.0002457270167517,0.7555700231274729,0.8704796522795704,0.5457104542784074,0.0002403486613671,0.5280587274347428,0.6441679278377229,0.3502482203994385,0.0007092353335834,0.3015074610298618,0.4212858590698644,0.3383767195050096,0.0027814714292801,0.229274177268035,0.4395744954511177,0.3954138286180187,0.0040220093398173,0.2377034142133178,0.5001973706934508,0.5729611976212151,3.37412802743518e-05,0.5530348691414894,0.5831465431764211,0.4679765706279092,0.0015511568780948,0.3897231567094336,0.556326907081448,0.4055633868141456,0.0044620847760004,0.2681213713986739,0.6711379568453641,0.0006441274613924,1.811526006209971e-05,-0.005395579025618,0.0249966621500746,0.0007336406073991,1.968741917546801e-05,-0.0075024474750448,0.0249702649423394,0.0006940450330971,6.465604655097289e-05,-0.0193127505163384,0.0333365978787004,-0.0001754044322558,0.0001737525718797,-0.0379074488924294,0.0303476798876763,-0.0005483902666401,0.0002501851374036,-0.0517617596127622,0.0301522470078188,-0.0001060197248223,4.524340062737995e-06,-0.0093112620970896,0.0068218526407182,0.000794053022221,0.0001731731588462,-0.0338887388644974,0.0502009052045624,0.0022435922120781,0.000484050103469,-0.0668521322121388,0.0868428315620178,Di,p1,atornillar
0.7711709563855884,0.0004750936311999,0.734856619045486,0.8644610235937451,0.5385618497564199,0.0002786509715399,0.5186581775265445,0.6106428629745357,0.3385560607802612,0.0004803991546018,0.2847046919245062,0.3785643108538882,0.3286612360602487,0.0017038561800512,0.2236113843753479,0.4205714412151231,0.3894569435399308,0.0041155509615282,0.2269925266013515,0.5173019680462219,0.5717403625874745,0.0001445466261537,0.5445822959961027,0.6167964080015591,0.4250961491599583,0.0003100461320491,0.380107434279518,0.4500651527687901,0.3385836591487497,0.0018467581496415,0.2625728253425501,0.4319309755335578,0.0003063080115735,5.264483946155554e-05,-0.0223439073779262,0.0267877163785211,-7.544872772648916e-05,2.7858533935128e-05,-0.0211350026771467,0.0172141702477576,-0.0001201261290987,7.205186459740245e-05,-0.0273989575281317,0.0189274225015588,5.309996828606441e-05,0.0002553280412171,-0.031724924861884,0.051847894910015,0.0003846704034163,0.0004807183133961,-0.0452740545820437,0.086764090313422,0.0001976573144619,1.309566104868076e-05,-0.0135356932327976,0.0133975917920349,7.482390125459762e-05,5.57965908703212e-05,-0.0260992037118547,0.0295346910485679,0.0002221083620743,0.0002402756848352,-0.0364010651424028,0.0388497075023384,Di,p1,martillar
0.7825702710429729,0.0018825893384357,0.7146695821447919,0.8763920153290736,0.5541037151622212,0.001732270479889,0.4945625590917943,0.6821239336937676,0.3566170880216515,0.001193002607696,0.294536442014075,0.526304214116154,0.3793025996606163,0.0033895000975643,0.2787260150201591,0.628989636036585,0.3919362294225289,0.0042962627661774,0.2833384548015084,0.6888522013273236,0.5691468266065836,0.0007450069815987,0.5280509607271668,0.6391070209593511,0.4631698576743492,0.0037000005130457,0.3642504424704673,0.6074136016038162,0.4247034836742933,0.0157406900675839,0.2625728253425501,0.6750884342290062,-0.0003304685809262,0.0001075799016703,-0.0250791161320969,0.0272921133289241,-0.0004797886738298,0.000119944321063,-0.0388964496761823,0.0301791236497097,-0.0002054523747534,0.0001780199224951,-0.05614846075398,0.0540075437935935,-0.0001958545099848,0.0007238688512955,-0.096103809749206,0.1153692560632465,-0.0002819262806068,0.000905957254009,-0.1085254192882688,0.1300667988656662,-3.417648315652425e-05,7.99014211291835e-05,-0.0159993826901919,0.0258690150228533,0.0001788966294709,0.0002802808444307,-0.0440219597384602,0.0485478718491251,-0.0004318581233981,0.0009673812288013,-0.0714320670852817,0.1043641579129991,Di,p1,taladrar
0.7852847264273024,0.0001808783763266,0.7616639120472444,0.8409053599365683,0.5580968872462184,0.0001553270345076,0.5408664543420275,0.6248927251494305,0.3374461897138788,0.0006137575410895,0.30242178224243,0.3917505347743515,0.3042342651438073,0.0018281454997149,0.1820293407683979,0.3898616145566419,0.3510484667842268,0.0035857889154543,0.1529036324198231,0.4460773201049801,0.5811819532183926,0.0001182891021842,0.5317640948780517,0.6024931480316291,0.4732240235047179,0.0016934701120593,0.4003253588444828,0.566923943009755,0.3921705404352929,0.0037508995041066,0.2624158257318135,0.5939004904573235,0.0007552122382786,2.1054459410744444e-05,-0.0148727152419801,0.0160116317457968,0.0008720835750585,2.3572982207560504e-05,-0.016929685933695,0.0185985855060056,0.0007492361861833,4.946930271452362e-05,-0.0197214361206371,0.0234335931141009,-0.0008941420640052,0.0001374304355402,-0.051702509720453,0.0254069532200165,-0.0016372110459527,0.0002573029676813,-0.072902855362271,0.0442977517852068,-0.0007442447746874,1.0524674549425671e-05,-0.0121477892165494,0.0043979389830153,0.000430279582544,0.000196279984933,-0.0422460782477679,0.0400088175448515,0.0027326352243852,0.0005894981881521,-0.0610616722773011,0.0964943002679595,Di,p2,atornillar
0.7920028560860264,0.0001388210491028,0.7744594096979989,0.8280295808771445,0.5460680551935722,0.0001289864593848,0.5332954922990099,0.5796157054664164,0.3473585678180227,0.0002562259208523,0.3163811077198121,0.3795903223839735,0.3180801748438495,0.0025788154299734,0.2471587505191845,0.4541908310144874,0.3866199636512883,0.002683524970774,0.3030102228107247,0.5245250133506011,0.5864013649398521,1.3962635158146616e-05,0.573090415207535,0.5917415021978595,0.4419777909859174,0.0001134234304938,0.4248919454148169,0.4755619152148454,0.330224992453102,0.0025331926051338,0.2740004455587161,0.4840963114730576,-0.0015305763194041,1.605871925114861e-05,-0.0139352613350697,0.0040903303868741,-0.0007632846358442,1.8205851811172395e-05,-0.0158122446215909,0.0065971242011121,-0.0009605750849761,6.900359703570839e-05,-0.0179322112136282,0.0127508700590635,-0.0052702207781499,0.0003903301003093,-0.0351106486691903,0.0350217611814509,-0.0062475815606999,0.0003084846318641,-0.0430990543775034,0.0313630813952046,-0.000499955250446,2.5578620668939365e-06,-0.0058631486253101,0.0019586774207412,-0.0014390851740348,3.948365883340437e-05,-0.0220554100838796,0.00961653211199,-0.005318074507208,0.0001100673338275,-0.0322550211962313,0.0093464625581106,Di,p2,martillar
0.7525413400356061,0.0025938867178273,0.5762442912461568,0.8293938572643096,0.5526760158314518,0.0006587748863937,0.5036174307441411,0.6310448574008782,0.3665873344088483,0.0012105067067521,0.3246053566636304,0.5287557346213323,0.3702843801241842,0.0016651630536554,0.3036906713224422,0.5790079517175498,0.3818027520464387,0.0018008141485966,0.3101305486805237,0.615135099759064,0.5761879050877188,0.0003830928836459,0.5404122420128715,0.6164160665799405,0.4701795057988193,0.0029242386457822,0.3850086568394164,0.597827394954501,0.4131315964154257,0.0129743447907129,0.2467731926451473,0.6293643131572758,0.0003754203482721,0.0001682174210076,-0.0589393053111012,0.0331804566402329,-0.0002213842385825,9.704369127960852e-05,-0.0267052024463108,0.0273358347999307,-0.0010723540679847,0.0001307228202761,-0.0492454437069748,0.0437043233547079,-0.0006923784379415,0.0004697836272024,-0.1065685416035086,0.0963776303115507,-0.0007193900213589,0.0005577817557503,-0.1270097525083596,0.1093927918088785,-0.0001027447886591,5.39767782366107e-05,-0.0201057661827922,0.0211895568016705,0.0001273079316581,0.0002457525436018,-0.0314916827143794,0.039063052952277,0.0003785130531274,0.000919112991588,-0.070830158507032,0.0803860584813938,Di,p2,taladrar
0.805382713343967,0.0003764957989015,0.7838929686904522,0.8681493842751083,0.5752648705437634,0.0002052799217075,0.5608009052127528,0.6408200902610419,0.3365243437329117,0.0005650275291983,0.2961548449083519,0.4277297682157854,0.2901841507830486,0.0018589662350184,0.2346659909239652,0.3837484469908711,0.3222417926203331,0.0044882643550797,0.2119003248848561,0.472115677603234,0.5958200630397046,0.0001002777470031,0.5712536655397583,0.6190588977443824,0.4727021230084114,0.0008792608742123,0.4096784302772496,0.5242830557705758,0.3826258206315204,0.003367283602806,0.2560115854050151,0.6236722820661907,0.0008697887385823,4.6848174869737833e-05,-0.0168298753295514,0.0216889542248559,0.0009420647955326,3.228633321992418e-05,-0.0148708978448678,0.0194261766119717,0.001201989624093,5.845123083230082e-05,-0.019840488262765,0.0218460073114007,-0.0003196931807965,0.0001966978601041,-0.0384932236216011,0.0384243854152098,-0.0007068723305382,0.0003636475694442,-0.069778746815839,0.0438756315773172,-0.0002831817613358,1.1185528863223889e-05,-0.0099329379731422,0.0117421145760601,0.0004523770080708,0.0001999681266765,-0.0342447306881499,0.0402434678620971,0.0028877917955573,0.0006998279400634,-0.0761659316659766,0.1082107911852409,Di,p3,atornillar
0.7919029845651929,9.348886045658048e-05,0.783370844180273,0.8234503339272649,0.5537116164799466,6.488672171901069e-05,0.5416971286392757,0.5733562660760662,0.363967265725001,0.000142249042753,0.3394223990789418,0.3853443806922201,0.3102833633274727,0.0015132402236771,0.2355021068044369,0.4070893697300681,0.3604175691610402,0.0016566485193912,0.259997059874214,0.4398513104411127,0.5854022431510784,3.1407935389298427e-05,0.5777655888934655,0.6006061879080036,0.4331878792117353,0.0002817999000834,0.3912724916876608,0.4651902821285055,0.293891014455234,0.0001920222098364,0.2706803886812399,0.323355909785785,-0.0012409855411661,1.6552354287913856e-05,-0.0145096882889914,0.0040634532979426,-0.0003112852459848,1.2749992643211007e-05,-0.014023330828829,0.0042946570701338,-0.0001398885065907,5.907165025874854e-05,-0.0122143790963609,0.0136964167485774,-0.002907137708659,0.0004290804228751,-0.0376959134252523,0.0407080393105955,-0.0029016290618975,0.0005182949151541,-0.0383886992502683,0.0503972164752665,-0.0006307827997968,4.886458963530008e-06,-0.0065429637709415,0.0028359946082264,0.000613301277703,8.794432876111754e-05,-0.0130593682850656,0.0354878020239546,-0.0005969103420979,7.25620496014305e-05,-0.0174228175729356,0.0281281321779683,Di,p3,martillar
0.7721130176917665,0.0005738126210358,0.7201083812767014,0.8706951771682131,0.5327618699195574,0.0011936771851017,0.3886601471141984,0.5942461980725907,0.3953698642135538,0.0132147936395054,0.3135025406932072,0.7281878384874061,0.3804282934665991,0.0168179314313652,0.2681684230319326,0.9055979706835832,0.3911652694287811,0.0193760092653226,0.2776462738606085,0.982150571217057,0.5739011430002763,0.0004418826637007,0.5445746708640278,0.6596134582398722,0.4511375640929828,0.0009184521370783,0.3982311415412967,0.5166753370309095,0.3991064875586792,0.008413431638584,0.2937888235508631,0.5815995064066093,0.0003466537776926,0.0001479278898711,-0.0333357388279543,0.0567057305342899,-0.0001931866061398,0.0002187275760776,-0.0634442505474086,0.0683348462207514,-0.0011933434560981,0.0008573505473633,-0.0897364344980519,0.1041141337949098,-0.0013034543304945,0.0013354166300041,-0.1045219817952852,0.1238315848538295,-0.0014206629254114,0.001797759530247,-0.1518601533386638,0.1305754344507602,0.0002016998877282,8.324238238729414e-05,-0.0213845104725824,0.0316656721484851,0.0001688111086212,0.0001457033305336,-0.0216166971687251,0.0422651722220879,-0.0001788990675945,0.0007559757034601,-0.0548702620300511,0.0782919749724128,Di,p3,taladrar
0.6888486358736076,0.0005086465820399,0.6620399670084526,0.7721126898787406,0.4608035926294707,0.0006741855130314,0.4200237654654169,0.5354430931814977,0.3037889433172479,0.0032026989907371,0.228140992176795,0.6286671603152705,0.4087746190879286,0.0047755310393062,0.303420244272587,0.8030532331808956,0.4423641171756769,0.0053689741788329,0.3275221594236298,0.8843417037924979,0.5075698737872621,0.0004985537684868,0.4831001947873393,0.6089119521795909,0.4622832101878987,0.0027232459760399,0.3351381567784531,0.5843130889027779,0.3934697162589811,0.0057715797238657,0.2765182456771696,0.5704076302343892,1.7073509781766667e-06,2.458129013632405e-05,-0.0266767779980827,0.0142004961038825,8.022147082104735e-05,3.3561273969837654e-05,-0.0264885091716561,0.0170402451950306,0.001036932309471,0.000275132493992,-0.0738842419216989,0.0760667993742861,0.001824147030639,0.000525332635811,-0.1309826870383206,0.1001115339761504,0.0019721157550802,0.0006553450586281,-0.1487269952859111,0.1124401334380414,-0.0001474002814334,3.2221163941661606e-05,-0.0196331086598445,0.0217537402937394,-0.0001064103425493,0.0001882254257296,-0.0510389017479677,0.0429621436341998,-0.0004914890900932,0.0003545249972305,-0.0620325707706022,0.0549728804013783,Ma,p1,atornillar
0.7033214385294634,0.0002890265283478,0.6850458241284182,0.7512246789891956,0.4574817880184112,0.0002716134755209,0.4349167954301179,0.5008559500442458,0.2880097114016343,0.0005814377072708,0.259845226733688,0.3642139201694444,0.3969286248261361,0.0012451328518565,0.3220177313342607,0.4745038553433099,0.428612791803555,0.0014840812940616,0.3190194729045093,0.5111150842396922,0.5027398974948957,7.913180080291976e-05,0.4896145470304124,0.5272045811670476,0.4455557790961637,0.0009360723169961,0.3474531351353368,0.4738178741869279,0.3056466695022753,0.0004052311213293,0.2698016522673007,0.3496715639666212,-0.0002287522605744,3.072659565970742e-05,-0.012019710726557,0.0188285490190711,0.0001075637289913,2.40686249427315e-05,-0.0110643302495079,0.0131115646377176,0.0002350642521169,0.0001113206615025,-0.0248129824564347,0.0306605242319868,0.0001243428994305,0.0002265535992226,-0.0381748263901253,0.0307390099332957,0.0003079315147814,0.0002045343566178,-0.0411521253652556,0.0313528940544377,-0.000287154996829,1.3487225010480717e-05,-0.0128242750718922,0.0103617306366902,-0.0001571586022112,9.523200476595404e-05,-0.0230203107488451,0.0351748215816016,-0.000289458737618,6.35808141429807e-05,-0.0224229055358347,0.0271555277078809,Ma,p1,martillar
0.7221009888481829,0.0008622132041863,0.6527597450414157,0.7659646107926072,0.4860827951955232,0.0007218600471911,0.3979565938461948,0.5343886833917801,0.3760455292302461,0.0015380638731277,0.2801330996743176,0.4541513679937895,0.4244222153479853,0.0048071327288193,0.2716295171095156,0.5721439417396293,0.4635425960919835,0.0063230284550423,0.2592986049060036,0.6252331053674304,0.5113813379946345,0.0003078942646519,0.4844120120689403,0.5402537005602492,0.3969920983872518,0.0019913419505165,0.3393198816614348,0.4935835976801375,0.4373075906181755,0.0130667734443808,0.2508878826970483,0.6387664355307107,0.0002624864932211,6.0350224581308936e-05,-0.0205241236251335,0.0323781133044684,-8.346976458868303e-05,7.141388289428438e-05,-0.0383628218152184,0.0415488341544387,0.0001778016459296,0.0001332945022837,-0.0343359719275163,0.0702099404586913,0.0006327906046499,0.0004150905058352,-0.0926832857657503,0.0664994676953829,0.0007120197855805,0.0006382988007117,-0.113609554834562,0.0758621679072826,-4.2589659974177706e-05,2.5669343471017803e-05,-0.0146083914241355,0.0171912310852639,8.62474592550548e-05,0.0001884720743526,-0.0344075904146001,0.0306536188749136,0.0012539009397677,0.0007144958613286,-0.0687277228019673,0.0789370985927842,Ma,p1,taladrar
0.7036017201366271,0.000355979404741,0.6801439165820421,0.7781346123585773,0.4679841471789568,0.000611427779986,0.4372196637912233,0.5628955660963342,0.3244352349438793,0.0063185144056595,0.2568609530734518,0.7027314415208596,0.4157412575187,0.0058619682697593,0.3102291743563793,0.8364061815692616,0.4521563813518907,0.0072689367889921,0.316749941714159,0.914386997671344,0.5227066023665234,0.0001144627229622,0.4925160498961474,0.5421705556344262,0.4476856193708279,0.0015857901477301,0.33333686674389,0.5307360355798614,0.3702332857901707,0.0021815858844102,0.2708131856824756,0.5049627386243389,0.0001764976193859,1.075247858078352e-05,-0.0127413949847473,0.014096895749841,0.0001729324677315,1.7604359002108158e-05,-0.0130906976380604,0.0176451989742167,-0.00072775985374,0.0003635200784521,-0.0723400653714364,0.0759044341265699,0.0012379010939618,0.0004699710391265,-0.1238002714498184,0.1085150989207359,0.0021169559170798,0.0005427541856256,-0.1384054177269333,0.1099720880036575,-0.000164564355169,9.917754971516447e-06,-0.0114013403055588,0.0134859399430118,4.0862956606924895e-05,7.789084841578442e-05,-0.0349577459270683,0.0450283298067764,-0.0001072098478835,0.0001408280425963,-0.0497263347624163,0.0332315112607083,Ma,p2,atornillar
0.7159958552077111,0.0001752778837816,0.6961995709373052,0.756558391921731,0.4839980115057068,0.0005668690948242,0.4529909957086431,0.5700829287352742,0.650014931998249,0.0005838461975027,0.606254548089612,0.7370421043295338,0.4494876588292322,0.0150274351372201,0.3877431488264534,0.881782700604295,0.3972644424739168,0.0200630693687665,0.3128319148496362,0.9070114353518084,0.515771682189087,6.885490426449522e-05,0.49975578021749,0.531384253456761,0.4665268148477847,0.0006166843366438,0.3835149374464958,0.489077701588927,0.3140980094375732,0.0002690300673917,0.2645074686531173,0.3426038573603543,-0.0003314933072136,2.211500705062572e-05,-0.0197709855227234,0.0142231855852157,-0.0013068107866074,5.36790740613612e-05,-0.0251564904358131,0.0155300876708184,-0.0019993702697593,0.0001131716491718,-0.0439625991842566,0.0157063142131054,-0.0091041143307512,0.0008329249493596,-0.1096541276864,0.0132374461852968,-0.0103285469245988,0.0011043957286409,-0.143958928946403,0.0245072377542965,5.919165985668891e-05,8.297778555764348e-06,-0.0057405455200754,0.0081315971267256,0.0005142315320794,6.189651212182396e-05,-0.0181467687032172,0.0369753314868394,0.0006046149655171,5.037946995717665e-05,-0.0124668536396077,0.0268515446680724,Ma,p2,martillar
0.735048987775146,0.0009203821089853,0.6667510069548367,0.7818288699917904,0.5293174566793971,0.0010492207231726,0.4301229714372204,0.5759770808920871,0.3852725654493998,0.0027525782608147,0.3003066031115409,0.6645477277875703,0.4173303513210321,0.0114075954801617,0.2365043727522044,0.8540455618791032,0.4493644948488968,0.0143739120971253,0.1945343612236574,0.8882509855583138,0.5360145527839641,0.0004486896804994,0.5000003872574903,0.5739684773972346,0.4189967432904785,0.0018903972482084,0.3386476316949416,0.5002451508586564,0.4400289765941923,0.0144856690519948,0.2580168630762455,0.6442118881127543,0.0001043326474756,5.507600595667825e-05,-0.031759690567462,0.0217866872119881,6.834057159794915e-05,6.483734551139435e-05,-0.0351173527290798,0.0389241012460929,-0.0003491318253534,0.0003474899882792,-0.0947726192484678,0.1057527840056856,0.0003188599424069,0.0013920615602158,-0.1477166336121151,0.1894557123973418,0.0005367467708978,0.001736642977794,-0.1542404647916831,0.2071415819781342,-0.0001856355860835,2.9374386954105463e-05,-0.0222967545436497,0.0151348199156968,0.000320021237219,0.0001359221999796,-0.0307368806563527,0.03387942454661,0.0003704389028924,0.0006924740369331,-0.0775103576944332,0.0653597642073304,Ma,p2,taladrar
0.7114055255738461,0.0004492756608497,0.6876156516634708,0.7817045143606808,0.4731606505674577,0.0005052611169458,0.4462326181518316,0.5625975913450355,0.3154687122546252,0.0030961655660109,0.271406119530505,0.6373371870952232,0.4144017099191133,0.0053944665820656,0.2816088784392467,0.8077907707346227,0.4523310341025149,0.0073862190355741,0.286684579699332,0.8805786193350209,0.5384584058042619,0.0002951285701009,0.507056994688672,0.5944585266290938,0.4973533409905618,0.0033731554158766,0.3617181043686528,0.6478059023570767,0.4163215994058916,0.0076439468286359,0.2899470095114179,0.6410670200601424,1.6102980796518792e-05,4.24749526725436e-05,-0.0235519987370188,0.0157690600728194,0.0003156498046196,4.035251055707663e-05,-0.0207855698478423,0.0134432066936922,0.0024256730854125,0.0002679331335588,-0.0295405520522217,0.0744743770975449,0.0033053738775367,0.0007511581053071,-0.0734302542535119,0.1114894602087347,0.0036338624967186,0.000961064043452,-0.0841414863971877,0.1208105126374852,-0.0002759350400612,4.131513975484112e-05,-0.024019656619404,0.023454745598887,5.194623293248452e-05,0.0003006072504158,-0.0517286590330128,0.0514826515939129,-0.0001228692876855,0.0006617556171751,-0.081450662341469,0.0748309567064944,Ma,p3,atornillar
0.7255269917021118,0.0002639575924114,0.7103839764903582,0.7800018056652434,0.4841034821302046,0.0002636382977064,0.4559292314633676,0.5188583326853294,0.2984252754540784,0.0003994705963903,0.2563240053023641,0.3348832259416133,0.3901647085945103,0.0004958318807752,0.3252037338928376,0.4269277760652523,0.4165440313440027,0.0004154062833713,0.3391621488473521,0.4400205429440971,0.5212416177756847,0.0001181811428252,0.5043840898409786,0.5599386736446142,0.4626318115606544,0.0003928899526663,0.3858091208152149,0.4925548857842288,0.3077692361190392,0.0002619725093133,0.2662135114600291,0.3485376194258573,-0.0005941573803237,3.1126379769118564e-05,-0.0208163765001049,0.0101301671319709,-0.0001982594680986,2.664346607100885e-05,-0.013712176496658,0.010387113172072,-9.742812454760417e-05,7.162933729161794e-05,-0.0176913959485152,0.023065426952889,0.0008569482263666,8.083203499432604e-05,-0.0172966196522896,0.0267137859910857,0.0007385467856896,8.264628237189752e-05,-0.0219376837868785,0.0353288206674575,-0.000588996314454,1.84715342199018e-05,-0.0124280362667373,0.0097911305707351,0.0006749488796141,9.864147836448296e-05,-0.0099128562552481,0.0430093496185559,0.0003791417359358,0.0001017148644285,-0.0233427149023091,0.0283870138124881,Ma,p3,martillar
0.7403165115640479,0.0009086348694798,0.6660714010535175,0.7957895181024611,0.5112888133263633,0.0008512293358472,0.4545269892266465,0.5674772604863022,0.3830836600254594,0.0042980717980248,0.2888282374351767,0.677386792261903,0.4403006408170021,0.0128651189586522,0.2290617205263456,0.8541058176903974,0.4711611656940244,0.0151004495251678,0.2283055427864415,0.9157227649990876,0.52792499966376,0.0003022571725162,0.492980954938739,0.5576799578373994,0.4034270159966629,0.0021194555523761,0.2714522960947627,0.4930968819262881,0.4256258600841442,0.014199090454334,0.221401538834155,0.6385417283933286,0.0004243926827032,6.22601654115183e-05,-0.0131086030087481,0.03118378775584,0.0002061068927788,5.380519018707772e-05,-0.0141720222540041,0.020532461263392,-0.0002510098180683,0.0004340004254646,-0.0780541677352295,0.097414862898148,0.0004159836465702,0.0015762186307888,-0.1366430676187546,0.1789617909035502,0.0004902649028027,0.0019768729641426,-0.1532557130806884,0.2106601738388492,0.0002556236099046,2.554963779210589e-05,-0.0105429634911525,0.0194204872312716,0.0008104322739361,0.0002236729507158,-0.0362235865990699,0.0372474750636719,0.0005698719538757,0.0009229684928506,-0.0763984136946085,0.0753636248709476,Ma,p3,taladrar
0.6841994550635407,0.0001333658037323,0.6733496144632741,0.7316746210126194,0.4992025849473244,7.13502888073366e-05,0.4667581105253556,0.5305142816697492,0.3349478245447334,0.0028754289655283,0.2951402263612392,0.666096887267348,0.3934385952667018,0.0059524292784879,0.3199145062131593,0.8431285970737619,0.427708991026244,0.0060854383807924,0.352135662245737,0.8959420957577615,0.4934955772277627,1.7801399357416007e-05,0.4823938884178306,0.510053955917803,0.3781053142154252,0.0009131654019586,0.3171995899314632,0.4476613330522428,0.3276736671836815,0.0022179461923431,0.234759230382842,0.4348893132843717,-7.94212061241218e-05,5.998401851655156e-06,-0.0115991890790153,0.0078889158550351,0.0004451666918008,3.485730934185155e-06,-0.0035207291834418,0.0072557382940058,0.0023017229248291,0.0003042264623669,-0.0763361265279779,0.0857543237044359,0.0029168664694098,0.0006078549451281,-0.1388119420045349,0.119205108634612,0.0029428126123144,0.0007068252153158,-0.1523179479879298,0.1256387545014858,-0.0002160942773435,1.5654382868481022e-06,-0.0042426191461431,0.003004013166321,9.204174783499984e-05,0.0001179832460779,-0.03307088715053,0.034404458049046,-0.0005397006517589,0.0002523714998698,-0.0468482572365828,0.0409518061591642,Mar,p1,atornillar
0.6928395422146969,8.899846465021855e-05,0.6793108354711561,0.7212784477713998,0.486914701064407,1.7549705976959212e-05,0.4792954131541006,0.4953624430934989,0.2746937280447673,0.0005941967264656,0.2361227994644658,0.3225560381561783,0.3479991472811031,0.0001191153416321,0.3242167527525991,0.370733004129586,0.3878063317600341,0.000615831275981,0.3440096274730862,0.4423975539126868,0.4967015585678292,1.7472299139678365e-05,0.4920936419359633,0.5105551176479577,0.3972634617338613,0.0014134487672938,0.3058026856083836,0.4312807325723773,0.3122743967108021,0.0003509202344408,0.2680342283169193,0.3514553057377854,-0.000437502296516,9.05080965494351e-06,-0.0088401233044375,0.0049123402008975,2.961094831395878e-05,1.1811024462685967e-05,-0.0093051901649806,0.0073773466357201,-0.001502631723455,8.995900858918508e-05,-0.0146921917876619,0.0189125385344514,-0.0002072993396043,5.453651556053936e-05,-0.017156475426802,0.016789408894317,0.0003191386747832,7.63671388918715e-05,-0.0161460273967694,0.020323024841159,-0.0002891400317189,3.045693740567662e-06,-0.0063419397150291,0.0020088902734469,-0.0005109537167553,0.0001290101816323,-0.04450495739978,0.0216877334141666,0.0001276625246371,8.200972317997319e-05,-0.0340937786668568,0.0188142420074633,Mar,p1,martillar
0.7341671240560331,0.0008868231783635,0.6746244710491206,0.77885160851885,0.4987860738306917,0.0005135835336243,0.4635865955815375,0.546985359564585,0.3629787118379311,0.0065032931054104,0.2062815943716676,0.4490299241358863,0.2948632738695856,0.0139052028668432,0.0679912800144255,0.5558478546949696,0.3005348638828869,0.0182426932302348,0.0675625362534596,0.61096922735529,0.5120631577831534,0.000587246243035,0.4214944080966561,0.5502039850803686,0.4086915285810923,0.0035965150384207,0.2661849669512219,0.5327572149942222,0.4589075689040685,0.0154918375546217,0.2812640710592246,0.6933731463223823,0.0002560203343097,4.016435208688994e-05,-0.0165155548039199,0.0221672028315778,-0.0002824802928789,3.328133137168691e-05,-0.0162004387358553,0.0274113862221335,-0.0007456741985503,0.0001900312621315,-0.0477470813812692,0.0433650289207527,-0.0005910004384821,0.0006342885248402,-0.0766681280927985,0.0750717028178814,-0.0005089549726492,0.0009341308672988,-0.1002883370306461,0.0840573920614701,0.0005176269844894,3.809343417657816e-05,-0.0132457083548747,0.0299007880377845,0.0009426914579593,0.0002395261462356,-0.0371714275068237,0.0448917458446058,0.0014139171384925,0.0008719909139281,-0.0694663045654666,0.0733573899749665,Mar,p1,taladrar
0.6905322804196729,0.000193568281353,0.6693075502350173,0.731728975176297,0.5015616759196904,9.727503354272066e-05,0.4809242386483758,0.5461328176487288,0.3354918536704193,0.0059701950625564,0.2673027436554708,0.7073380535107238,0.3839901187871639,0.0116569037741118,0.2843847761578896,0.8786214614435294,0.4146022431771556,0.0148497488553951,0.2821725442401193,0.9644446888154964,0.5000700642781437,2.1503592201874504e-05,0.4802608485244614,0.5063891513761569,0.3892660078899789,0.0018632697982881,0.3076962191073037,0.4585652485172423,0.3251626114794905,0.0040802239791657,0.2288499192602915,0.4530265579776288,0.0001747408650333,9.36914459562384e-06,-0.008250209220353,0.0088006404509611,0.0006076085911495,5.788826240142246e-06,-0.0062705456588444,0.0084530888693759,0.0041032300864005,0.0004342817854458,-0.0420219914744011,0.0989243083992363,0.0049823700837988,0.0006851813668948,-0.0482634244770892,0.113576307744607,0.0052541377822666,0.0008291046525671,-0.0700821968757462,0.1301613474059261,-0.0002186487712055,2.6034381845674464e-06,-0.0051378402419492,0.0041270177513498,0.0001728000194797,0.0002047606702175,-0.0517968450014357,0.0395400303742926,9.866634291179864e-05,0.0004242578634438,-0.0730703240660053,0.0506474973548797,Mar,p2,atornillar
0.6969905050718831,6.223090577709748e-05,0.6836956381407446,0.7095804783597136,0.489036502954979,9.170084355434468e-05,0.4711817928494266,0.5042402017650714,0.2645888563868536,0.0003499288834987,0.2334786222842519,0.3001753896555605,0.3503942798655412,0.0002952585243496,0.3052190456147905,0.382441125754402,0.3866015925666357,0.000346620148044,0.3446678563139293,0.409341566792117,0.5076627244984329,7.175401952843489e-06,0.503505968024037,0.5146920873823173,0.4216567820962188,0.0008931523870078,0.337887915438705,0.4549982428030085,0.3133055639039133,0.0006012411535153,0.2498806150636931,0.3486381612989522,-7.453797043478205e-06,1.2593817612404697e-05,-0.006478542353421,0.00667971413557,0.000818461679152,2.511262747502899e-05,-0.0080815517518121,0.0086834802108718,0.0015241130530471,0.0001010870125561,-0.0147741006000984,0.0223153851691664,0.0004003031091294,0.0001385336412931,-0.0251730615140125,0.0199982286464238,5.458927851467419e-05,9.985766154597869e-05,-0.02716595028437,0.0177194192346132,-0.0001131659549903,2.527001193345923e-06,-0.0034695060491937,0.0028585913080961,-0.0009010052685097,0.0001639436197844,-0.0324706140214989,0.0312631212403171,-0.0006481850722024,0.0001456856407735,-0.0349172725593671,0.0199188425192966,Mar,p2,martillar
0.7208660353240356,0.0010701994862183,0.6768681973293768,0.7837056400968414,0.4964721016322843,0.0006525350436608,0.4646978895845773,0.5447606509501215,0.3755329692110611,0.0046427952607011,0.2251269964206259,0.4743218034300761,0.3621395546062244,0.0119465953692505,0.1451153576515128,0.588019034824554,0.3653574492008394,0.0177299853389778,0.1269554967448814,0.658022503769985,0.5070165729701259,0.0003297859057432,0.4595694064393607,0.5476653899872838,0.3983900440189934,0.00147757495818,0.2832075131000598,0.4993978546518597,0.4153961033915535,0.0097672217683638,0.2676701276798175,0.6525690060267343,4.296290482086058e-05,2.6777164996118007e-05,-0.0145855597398557,0.0195834004025222,-0.000309578517859,1.9774799834554217e-05,-0.0158951833428445,0.0122195733473959,0.0001990080933925,0.0001516427983506,-0.0469602191932167,0.0469016197458762,-0.0007141432412296,0.0006448023319341,-0.0650350039629848,0.1040859738701719,-0.0007652617434433,0.0011065871689355,-0.0822324021790511,0.1248758535774052,0.0001226876507723,1.56083391862151e-05,-0.0110954792777229,0.020417736638028,0.000458637567309,9.653793674980191e-05,-0.0269516928446705,0.0296993414066453,0.0009279047959445,0.0005042607413389,-0.0679951749820614,0.0754430721010555,Mar,p2,taladrar
0.6941192115902386,0.0001523380776334,0.6818826987617443,0.7414761495796082,0.5088342718115922,0.000134742065549,0.4984281396082288,0.5652541061359926,0.3325280044817318,0.0042284303509878,0.2589821285881325,0.6569391122739154,0.3840515969627239,0.0098847791480156,0.2773866172464714,0.849335589373741,0.4186705339145986,0.0122123260511475,0.2803474428640908,0.922476824503727,0.5066724377180638,2.582831176642424e-05,0.4862160064879164,0.5178541331621808,0.401837392758081,0.0021006076610459,0.3200533567332329,0.4877464870428779,0.3524998553799186,0.0047855397684102,0.2467855311984778,0.4965366929043376,9.40048874902249e-05,9.47112586451201e-06,-0.0095247832363687,0.0165247174433962,0.0003257627906405,1.013898418436463e-05,-0.0174186421510841,0.0140811455302669,0.0026152894454164,0.0004371492581555,-0.0869927427099198,0.088727647227287,0.0028035244305604,0.0009519102464636,-0.1375121209370232,0.1282543646118926,0.0031235434208938,0.0013506031077728,-0.1697876361560263,0.1510432626108641,-0.0001847935515931,4.884400283181337e-06,-0.0089395767223316,0.0074409316658788,2.1958148798637432e-05,0.0001906777470242,-0.055056060584129,0.0333106788646292,0.0001452995082213,0.0004410141305476,-0.074634526983854,0.055880353852172,Mar,p3,atornillar
0.7005976549909396,8.052630491335949e-05,0.6865767710147206,0.7180081694718801,0.4990357956244215,6.457916508904788e-05,0.4876904323828795,0.5178484358843618,0.3038482008008597,0.0003198719056979,0.2612007061012085,0.3362212572471026,0.3706124671023804,0.0005987139218011,0.3216765446104747,0.4088767799931727,0.4077783224512875,0.0005884086016491,0.3616597295502636,0.4683341520786598,0.5094984093518445,1.5563500475472354e-05,0.5030894333813328,0.5181577802419612,0.3945044060102683,0.0013037400992507,0.327323931372754,0.4462742460918761,0.3161091850122188,0.0006620219939644,0.2672464761044367,0.3633901349733408,-0.0003194227459735,1.3282852533498132e-05,-0.0069079044557788,0.0092617287038764,0.0002689064789268,1.1442475041905818e-05,-0.0084139002640343,0.0083704080407224,-0.0007453487298913,8.228031079044224e-05,-0.0182187451279752,0.0180800830397689,-0.00089653407197,0.0001093557121588,-0.025125096487523,0.0219399516163362,-0.000407026722827,0.000166039423012,-0.0361523837463809,0.0279957174773191,-6.262639503268046e-05,4.252668400534699e-06,-0.0048058800719894,0.0036330416478348,0.0008643245892746,0.0001699481555655,-0.0332828909977787,0.0366291001850742,-0.0003766517690633,0.0001849952274588,-0.0297941222449969,0.0274599104606972,Mar,p3,martillar
0.7643198749531567,0.0012156971274168,0.7049902494375081,0.8212773762769799,0.4170515305123653,0.0033861989203357,0.3577550225765671,0.5344601311466741,0.274157084214069,0.0042563371496246,0.1937215609834653,0.4313775379207867,0.3740331502453168,0.0063031067098884,0.1951660685370096,0.5589444792890972,0.3911240167809001,0.0087215169605382,0.1650329797001627,0.6095888631102769,0.5395726954201345,0.0007366935616756,0.4963159033526614,0.5898004720505524,0.43200767394032,0.0033779380365331,0.3046095341440047,0.5416545640876295,0.4852759401103421,0.0143670736806437,0.2569973773842029,0.6934673778060507,1.3915462316204096e-05,6.111486839222754e-05,-0.0164399715623103,0.0234502573873391,-7.69539847664779e-05,6.899230975278971e-05,-0.0275294808668114,0.033422587801409,0.0003513028540297,0.0001964177755322,-0.0387896563009983,0.0407721306697905,-0.0009829994393488,0.0004813017963375,-0.075973872356683,0.0697898953517617,-0.0011212099999624,0.0006774341494674,-0.1014400513492611,0.0761325937934462,-7.20392485405904e-06,3.423642470335696e-05,-0.014112488913774,0.0182988565249122,0.0007642515182796,0.000231974247803,-0.0343511845885648,0.0446770614944984,0.0018608365042699,0.0009239013468945,-0.0729636021298691,0.0792158195905025,Mar,p3,taladrar
